<?xml version="1.0" standalone="yes"?>  <DATAPACKET Version="2.0"><METADATA><FIELDS><FIELD attrname="Filename" fieldtype="string.uni" WIDTH="1000"/><FIELD attrname="Thumbnail" fieldtype="bin.hex" SUBTYPE="Graphics"/><FIELD attrname="DateTime" fieldtype="dateTime"/><FIELD attrname="ImageWidth" fieldtype="i4"/><FIELD attrname="ImageHeight" fieldtype="i4"/><FIELD attrname="Comments" fieldtype="string.uni" WIDTH="600"/><FIELD attrname="Exif" fieldtype="string.uni" WIDTH="600"/></FIELDS><PARAMS/></METADATA><ROWDATA></ROWDATA></DATAPACKET>